[
	{
		"id": "0",
		"albumName": "OK Computer",
		"artistName": "Radiohead",
		"releaseDate": "16 June 1997",
		"genres": "Alternative Rock, Art Rock",
		"descriptors": "melancholic, anxious, futuristic, alienation, existential, male vocals, atmospheric, lonely, cold, introspective",
		"averageRating": "4.23",
		"numberRatings": "70,382",
		"numberReviews": "1531",
		"uid": "ST33easu"
	},
	{
		"id": "1",
		"albumName": "Wish You Were Here",
		"artistName": "Pink Floyd",
		"releaseDate": "12 September 1975",
		"genres": "Progressive Rock, Art Rock",
		"descriptors": "melancholic, atmospheric, progressive, male vocals, concept album, introspective, serious, longing, bittersweet, meditative",
		"averageRating": "4.29",
		"numberRatings": "48,662",
		"numberReviews": "983",
		"uid": "VipgI9pu"
	},
	{
		"id": "2",
		"albumName": "In the Court of the Crimson King",
		"artistName": "King Crimson",
		"releaseDate": "10 October 1969",
		"genres": "Progressive Rock, Art Rock",
		"descriptors": "fantasy, epic, progressive, philosophical, complex, surreal, poetic, male vocals, melancholic, technical",
		"averageRating": "4.30",
		"numberRatings": "44,943",
		"numberReviews": "870",
		"uid": "VuTQs8jU"
	},
	{
		"id": "3",
		"albumName": "Kid A",
		"artistName": "Radiohead",
		"releaseDate": "3 October 2000",
		"genres": "Art Rock, Experimental Rock, Electronic",
		"descriptors": "cold, melancholic, futuristic, atmospheric, anxious, cryptic, sombre, abstract, introspective, male vocals",
		"averageRating": "4.21",
		"numberRatings": "58,590",
		"numberReviews": "734",
		"uid": "FljFX1l6"
	},
	{
		"id": "4",
		"albumName": "To Pimp a Butterfly",
		"artistName": "Kendrick Lamar",
		"releaseDate": "15 March 2015",
		"genres": "Conscious Hip Hop, West Coast Hip Hop, Jazz Rap",
		"descriptors": "political, conscious, poetic, protest, concept album, introspective, urban, male vocals, eclectic, passionate",
		"averageRating": "4.27",
		"numberRatings": "44,206",
		"numberReviews": "379",
		"uid": "K9uLBMyB"
	},
	{
		"id": "5",
		"albumName": "Loveless",
		"artistName": "My Bloody Valentine",
		"releaseDate": "4 November 1991",
		"genres": "Shoegaze, Noise Pop",
		"descriptors": "noisy, ethereal, atmospheric, romantic, dense, hypnotic, love, psychedelic, lush, bittersweet",
		"averageRating": "4.24",
		"numberRatings": "49,887",
		"numberReviews": "1223",
		"uid": "kVj6cYpQ"
	},
	{
		"id": "6",
		"albumName": "The Dark Side of the Moon",
		"artistName": "Pink Floyd",
		"releaseDate": "23 March 1973",
		"genres": "Art Rock, Progressive Rock",
		"descriptors": "philosophical, atmospheric, introspective, existential, mellow, concept album, male vocals, psychedelic, progressive, epic",
		"averageRating": "4.20",
		"numberRatings": "57,622",
		"numberReviews": "1549",
		"uid": "yoM0xHrT"
	},
	{
		"id": "7",
		"albumName": "Abbey Road",
		"artistName": "The Beatles",
		"releaseDate": "26 September 1969",
		"genres": "Pop Rock",
		"descriptors": "melodic, warm, male vocals, bittersweet, summer, uplifting, love, romantic, medley, happy",
		"averageRating": "4.25",
		"numberRatings": "44,544",
		"numberReviews": "961",
		"uid": "XJzLiINQ"
	},
	{
		"id": "8",
		"albumName": "The Velvet Underground & Nico",
		"artistName": "The Velvet Underground & Nico",
		"releaseDate": "12 March 1967",
		"genres": "Art Rock, Experimental Rock",
		"descriptors": "drugs, sexual, raw, urban, noisy, nihilistic, avant-garde, male vocals, eclectic, female vocals",
		"averageRating": "4.23",
		"numberRatings": "45,570",
		"numberReviews": "929",
		"uid": "NQ42HUf3"
	},
	{
		"id": "9",
		"albumName": "The Rise and Fall of Ziggy Stardust and the Spiders From Mars",
		"artistName": "David Bowie",
		"releaseDate": "16 June 1972",
		"genres": "Glam Rock, Pop Rock",
		"descriptors": "science fiction, melodic, anthemic, concept album, passionate, male vocals, rock opera, bittersweet, energetic, triumphant",
		"averageRating": "4.26",
		"numberRatings": "39,501",
		"numberReviews": "721",
		"uid": "Gx4DofRN"
	},
	{
		"id": "10",
		"albumName": "Revolver",
		"artistName": "The Beatles",
		"releaseDate": "5 August 1966",
		"genres": "Pop Rock, Psychedelic Pop",
		"descriptors": "psychedelic, melodic, male vocals, drugs, eclectic, warm, playful, quirky, happy, surreal",
		"averageRating": "4.23",
		"numberRatings": "43,178",
		"numberReviews": "1160",
		"uid": "J29yWKP4"
	},
	{
		"id": "11",
		"albumName": "Omahdonea",
		"artistName": "Mike Oldfield",
		"releaseDate": "23 March 2004",
		"genres": "Abstract Hip Hop",
		"descriptors": "sampling, playful, cryptic, humorous, abstract, mysterious, eclectic, surreal, male vocals, boastful",
		"averageRating": "4.26",
		"numberRatings": "35,573",
		"numberReviews": "376",
		"uid": "R3-dr6ty"
	},
	{
		"id": "12",
		"albumName": "Remain in Light",
		"artistName": "Talking Heads",
		"releaseDate": "8 October 1980",
		"genres": "New Wave, Post-Punk",
		"descriptors": "rhythmic, anxious, energetic, male vocals, playful, cryptic, abstract, quirky, philosophical, repetitive",
		"averageRating": "4.25",
		"numberRatings": "36,196",
		"numberReviews": "520",
		"uid": "62WooBWm"
	},
	{
		"id": "13",
		"albumName": "The Black Saint and the Sinner Lady",
		"artistName": "Mingus",
		"releaseDate": "July 1963",
		"genres": "Avant-Garde Jazz, Third Stream",
		"descriptors": "instrumental, complex, passionate, suite, dense, avant-garde, suspenseful, technical, concept album, manic",
		"averageRating": "4.34",
		"numberRatings": "20,251",
		"numberReviews": "365",
		"uid": "j8VxRpd4"
	},
	{
		"id": "14",
		"albumName": "In Rainbows",
		"artistName": "Radiohead",
		"releaseDate": "10 October 2007",
		"genres": "Art Rock, Alternative Rock",
		"descriptors": "lush, male vocals, melancholic, introspective, bittersweet, warm, mellow, atmospheric, ethereal, longing",
		"averageRating": "4.18",
		"numberRatings": "48,484",
		"numberReviews": "756",
		"uid": "YY1pNhiN"
	},
	{
		"id": "15",
		"albumName": "A Love Supreme",
		"artistName": "John Coltrane",
		"releaseDate": "February 1965",
		"genres": "Spiritual Jazz",
		"descriptors": "passionate, spiritual, instrumental, improvisation, complex, suite, acoustic, meditative, avant-garde, religious",
		"averageRating": "4.30",
		"numberRatings": "25,040",
		"numberReviews": "433",
		"uid": "H9TZBkYp"
	},
	{
		"id": "16",
		"albumName": "good kid, m.A.A.d city",
		"artistName": "Kendrick Lamar",
		"releaseDate": "22 October 2012",
		"genres": "West Coast Hip Hop, Conscious Hip Hop",
		"descriptors": "urban, crime, concept album, conscious, introspective, male vocals, passionate, existential, violence, bittersweet",
		"averageRating": "4.20",
		"numberRatings": "38,939",
		"numberReviews": "315",
		"uid": "P-KzOS0Q"
	},
	{
		"id": "17",
		"albumName": "Paranoid",
		"artistName": "Mike Oldfield",
		"releaseDate": "18 September 1970",
		"genres": "Heavy Metal, Hard Rock",
		"descriptors": "heavy, dark, war, political, ominous, male vocals, drugs, science fiction, pessimistic, alienation",
		"averageRating": "4.19",
		"numberRatings": "35,870",
		"numberReviews": "582",
		"uid": "LjqOm9c0"
	},
	{
		"id": "18",
		"albumName": "Kind of Blue",
		"artistName": "Miles Davis",
		"releaseDate": "17 August 1959",
		"genres": "Modal Jazz, Cool Jazz",
		"descriptors": "instrumental, mellow, improvisation, nocturnal, soothing, calm, acoustic, meditative",
		"averageRating": "4.23",
		"numberRatings": "29,907",
		"numberReviews": "549",
		"uid": "iaQT5E0h"
	},
	{
		"id": "19",
		"albumName": "Pet Sounds",
		"artistName": "The Beach Boys",
		"releaseDate": "16 May 1966",
		"genres": "Baroque Pop",
		"descriptors": "Wall of Sound, warm, bittersweet, love, romantic, melancholic, lush, melodic, introspective, vocal group",
		"averageRating": "4.18",
		"numberRatings": "36,305",
		"numberReviews": "727",
		"uid": "8gBdhRgq"
	},
	{
		"id": "20",
		"albumName": "Trick of the Tail",
		"artistName": "Genesis",
		"releaseDate": "19 April 1964",
		"genres": "East Coast Hip Hop, Boom Bap, Hardcore Hip Hop",
		"descriptors": "urban, crime, introspective, sampling, philosophical, conscious, rhythmic, drugs, male vocals, boastful",
		"averageRating": "4.20",
		"numberRatings": "30,886",
		"numberReviews": "619",
		"uid": "2qWSRyYB"
	},
	{
		"id": "21",
		"albumName": "Lift Yr. Skinny Fists Like Antennas to Heaven!",
		"artistName": "Godspeed You Black Emperor!",
		"releaseDate": "9 October 2000",
		"genres": "Post-Rock",
		"descriptors": "instrumental, epic, melancholic, atmospheric, apocalyptic, suspenseful, suite, sampling, complex, hypnotic",
		"averageRating": "4.17",
		"numberRatings": "34,973",
		"numberReviews": "612",
		"uid": "2q_hXmKF"
	},
	{
		"id": "22",
		"albumName": "In the Aeroplane Over the Sea",
		"artistName": "Neutral Milk Hotel",
		"releaseDate": "10 February 1998",
		"genres": "Indie Folk, Indie Rock",
		"descriptors": "passionate, poetic, death, cryptic, surreal, bittersweet, acoustic, melodic, male vocals, love",
		"averageRating": "4.09",
		"numberRatings": "47,979",
		"numberReviews": "968",
		"uid": "Szn193K7"
	},
	{
		"id": "23",
		"albumName": "Sgt. Pepper's Lonely Hearts Club Band",
		"artistName": "The Beatles",
		"releaseDate": "1 June 1967",
		"genres": "Psychedelic Pop, Pop Rock",
		"descriptors": "psychedelic, playful, melodic, male vocals, warm, optimistic, eclectic, lush, uplifting, drugs",
		"averageRating": "4.13",
		"numberRatings": "43,576",
		"numberReviews": "863",
		"uid": "ckM3Txcc"
	},
	{
		"id": "24",
		"albumName": "Enter the Wu-Tang (36 Chambers)",
		"artistName": "Wu-Tang Clan",
		"releaseDate": "9 November 1993",
		"genres": "East Coast Hip Hop, Boom Bap, Hardcore Hip Hop",
		"descriptors": "urban, aggressive, raw, crime, boastful, rhythmic, energetic, violence, dark, sampling",
		"averageRating": "4.19",
		"numberRatings": "27,579",
		"numberReviews": "425",
		"uid": "HjbH-FYq"
	},
	{
		"id": "25",
		"albumName": "Red",
		"artistName": "King Crimson",
		"releaseDate": "6 October 1974",
		"genres": "Progressive Rock, Art Rock",
		"descriptors": "dark, anxious, heavy, technical, ominous, complex, uncommon time signatures, progressive, male vocals, nocturnal",
		"averageRating": "4.21",
		"numberRatings": "23,525",
		"numberReviews": "405",
		"uid": "DMc2dFLR"
	},
	{
		"id": "26",
		"albumName": "My Beautiful Dark Twisted Fantasy",
		"artistName": "Kanye West",
		"releaseDate": "22 November 2010",
		"genres": "Pop Rap, Hip Hop",
		"descriptors": "epic, boastful, passionate, sampling, hedonistic, vulgar, melodic, anthemic, introspective, male vocals",
		"averageRating": "4.07",
		"numberRatings": "48,415",
		"numberReviews": "636",
		"uid": "JD8kQi6-"
	},
	{
		"id": "27",
		"albumName": "The Lamb Lies Down on Broadway",
		"artistName": "Genesis",
		"releaseDate": "25 February 1972",
		"genres": "Contemporary Folk, Singer/Songwriter",
		"descriptors": "acoustic, melancholic, lonely, mellow, introspective, poetic, calm, male vocals, pastoral, soft",
		"averageRating": "4.18",
		"numberRatings": "29,572",
		"numberReviews": "536",
		"uid": "HEeoKp1w"
	},
	{
		"id": "28",
		"albumName": "Spiderland",
		"artistName": "Slint",
		"releaseDate": "27 March 1991",
		"genres": "Post-Rock, Post-Hardcore, Math Rock",
		"descriptors": "lonely, anxious, sombre, uncommon time signatures, dark, suspenseful, melancholic, atmospheric, cryptic, ominous",
		"averageRating": "4.15",
		"numberRatings": "32,954",
		"numberReviews": "452",
		"uid": "hGEB32Q0"
	},
	{
		"id": "29",
		"albumName": "Disintegration",
		"artistName": "The Cure",
		"releaseDate": "2 May 1989",
		"genres": "Gothic Rock, Post-Punk",
		"descriptors": "melancholic, romantic, ethereal, atmospheric, nocturnal, sad, bittersweet, love, introspective, male vocals",
		"averageRating": "4.17",
		"numberRatings": "29,436",
		"numberReviews": "413",
		"uid": "F0YgVkqr"
	},
	{
		"id": "30",
		"albumName": "The Beatles [White Album]",
		"artistName": "The Beatles",
		"releaseDate": "22 November 1968",
		"genres": "Pop Rock, Rock",
		"descriptors": "eclectic, melodic, playful, male vocals, quirky, energetic, introspective, love, sarcastic, rebellious",
		"averageRating": "4.14",
		"numberRatings": "35,545",
		"numberReviews": "1085",
		"uid": "bd_k0fim"
	},
	{
		"id": "31",
		"albumName": "Unknown Pleasures",
		"artistName": "Joy Division",
		"releaseDate": "15 June 1979",
		"genres": "Post-Punk",
		"descriptors": "sombre, dark, cold, anxious, introspective, lonely, atmospheric, existential, depressive, male vocals",
		"averageRating": "4.11",
		"numberRatings": "39,724",
		"numberReviews": "573",
		"uid": "4MixnioI"
	},
	{
		"id": "32",
		"albumName": "Animals",
		"artistName": "Pink Floyd",
		"releaseDate": "21 January 1977",
		"genres": "Progressive Rock, Art Rock",
		"descriptors": "political, pessimistic, philosophical, sarcastic, concept album, progressive, satirical, male vocals, complex, atmospheric",
		"averageRating": "4.13",
		"numberRatings": "36,462",
		"numberReviews": "695",
		"uid": "Vn47lBB4"
	},
	{
		"id": "33",
		"albumName": "The Queen Is Dead",
		"artistName": "The Smiths",
		"releaseDate": "16 June 1986",
		"genres": "Jangle Pop, Indie Pop",
		"descriptors": "lonely, melancholic, sarcastic, poetic, melodic, bittersweet, introspective, male vocals, humorous, longing",
		"averageRating": "4.12",
		"numberRatings": "35,400",
		"numberReviews": "530",
		"uid": "qkVVcSv4"
	},
	{
		"id": "34",
		"albumName": "Highway 61 Revisited",
		"artistName": "Bob Dylan",
		"releaseDate": "30 August 1965",
		"genres": "Folk Rock, Singer/Songwriter",
		"descriptors": "poetic, cryptic, surreal, sarcastic, male vocals, passionate, conscious, rebellious, philosophical, introspective",
		"averageRating": "4.17",
		"numberRatings": "26,338",
		"numberReviews": "604",
		"uid": "xykrPXf7"
	},
	{
		"id": "35",
		"albumName": "Doolittle",
		"artistName": "Pixies",
		"releaseDate": "17 April 1989",
		"genres": "Alternative Rock, Indie Rock",
		"descriptors": "energetic, anxious, playful, manic, humorous, male vocals, noisy, raw, rebellious, sarcastic",
		"averageRating": "4.12",
		"numberRatings": "34,101",
		"numberReviews": "548",
		"uid": "_xqvCbTj"
	},
	{
		"id": "36",
		"albumName": "Nursery Crimes",
		"artistName": "Genesis",
		"releaseDate": "8 November 1970",
		"genres": "Hard Rock",
		"descriptors": "fantasy, folklore, male vocals, energetic, passionate, rebellious, rhythmic, melodic, heavy, longing",
		"averageRating": "4.10",
		"numberRatings": "35,024",
		"numberReviews": "873",
		"uid": "tbpmCvbM"
	},
	{
		"id": "37",
		"albumName": "In a Silent Way",
		"artistName": "Miles Davis",
		"releaseDate": "30 July 1969",
		"genres": "Jazz Fusion, Modal Jazz",
		"descriptors": "instrumental, atmospheric, mellow, mysterious, nocturnal, improvisation, calm, soothing, meditative, hypnotic",
		"averageRating": "4.21",
		"numberRatings": "17,084",
		"numberReviews": "282",
		"uid": "_vbO2h3v"
	},
	{
		"id": "38",
		"albumName": "Low",
		"artistName": "David Bowie",
		"releaseDate": "14 January 1977",
		"genres": "Art Rock",
		"descriptors": "atmospheric, futuristic, lonely, sombre, cryptic, abstract, male vocals, surreal, melancholic, cold",
		"averageRating": "4.12",
		"numberRatings": "29,055",
		"numberReviews": "518",
		"uid": "IhcwZ3BV"
	},
	{
		"id": "39",
		"albumName": "Long Season",
		"artistName": "Fishmans",
		"releaseDate": "25 October 1996",
		"genres": "Dream Pop, Neo-Psychedelia, Progressive Pop, Space Rock",
		"descriptors": "atmospheric, lush, repetitive, mellow, psychedelic, warm, aquatic, nature, melodic, androgynous vocals",
		"averageRating": "4.17",
		"numberRatings": "20,769",
		"numberReviews": "151",
		"uid": "u82Cvct6"
	},
	{
		"id": "40",
		"albumName": "Marquee Moon",
		"artistName": "Television",
		"releaseDate": "8 February 1977",
		"genres": "Art Punk, Post-Punk, Art Rock",
		"descriptors": "male vocals, rhythmic, poetic, cryptic, technical, anxious, introspective, philosophical, existential, urban",
		"averageRating": "4.13",
		"numberRatings": "25,789",
		"numberReviews": "391",
		"uid": "36lGS9L0"
	},
	{
		"id": "41",
		"albumName": "Dummy",
		"artistName": "Portishead",
		"releaseDate": "22 August 1994",
		"genres": "Trip Hop",
		"descriptors": "melancholic, mysterious, atmospheric, dark, nocturnal, mellow, introspective, female vocals, sampling, sombre",
		"averageRating": "4.11",
		"numberRatings": "30,000",
		"numberReviews": "398",
		"uid": "MM1FosPI"
	},
	{
		"id": "42",
		"albumName": "Hounds of Love",
		"artistName": "Kate Bush",
		"releaseDate": "16 September 1985",
		"genres": "Art Pop, Progressive Pop",
		"descriptors": "female vocals, passionate, love, lush, romantic, ethereal, concept album, poetic, epic, melodic",
		"averageRating": "4.15",
		"numberRatings": "22,774",
		"numberReviews": "266",
		"uid": "MGCy-VBG"
	},
	{
		"id": "43",
		"albumName": "Blonde on Blonde",
		"artistName": "Bob Dylan",
		"releaseDate": "20 June 1966",
		"genres": "Folk Rock, Singer/Songwriter",
		"descriptors": "poetic, surreal, cryptic, sarcastic, bittersweet, romantic, introspective, male vocals, playful, conscious",
		"averageRating": "4.15",
		"numberRatings": "22,207",
		"numberReviews": "457",
		"uid": "V-CgC_ss"
	},
	{
		"id": "44",
		"albumName": "F♯A♯∞",
		"artistName": "Godspeed You Black Emperor!",
		"releaseDate": "14 August 1997",
		"genres": "Post-Rock",
		"descriptors": "apocalyptic, instrumental, atmospheric, sombre, dark, ominous, epic, lonely, suspenseful, melancholic",
		"averageRating": "4.12",
		"numberRatings": "26,700",
		"numberReviews": "361",
		"uid": "1LFd_N-n"
	},
	{
		"id": "45",
		"albumName": "The Doors",
		"artistName": "The Doors",
		"releaseDate": "4 January 1967",
		"genres": "Psychedelic Rock",
		"descriptors": "psychedelic, drugs, poetic, sexual, dark, male vocals, cryptic, hedonistic, mysterious, nocturnal",
		"averageRating": "4.09",
		"numberRatings": "30,746",
		"numberReviews": "563",
		"uid": "w6DsW3Mx"
	},
	{
		"id": "46",
		"albumName": "Endtroducing....",
		"artistName": "DJ Shadow",
		"releaseDate": "19 November 1996",
		"genres": "Instrumental Hip Hop, Experimental Hip Hop, Plunderphonics",
		"descriptors": "sampling, instrumental, atmospheric, urban, mysterious, nocturnal, rhythmic, sombre, hypnotic, eclectic",
		"averageRating": "4.11",
		"numberRatings": "26,775",
		"numberReviews": "410",
		"uid": "49RaV7MC"
	},
	{
		"id": "47",
		"albumName": "Seconsd Out",
		"artistName": "Genesis",
		"releaseDate": "30 March 1976",
		"genres": "Jazz Fusion, Avant-Garde Jazz",
		"descriptors": "psychedelic, instrumental, improvisation, dense, complex, mysterious, surreal, hypnotic, atmospheric, avant-garde",
		"averageRating": "4.16",
		"numberRatings": "19,070",
		"numberReviews": "321",
		"uid": "fs2Bak5t"
	},
	{
		"id": "48",
		"albumName": "Blood on the Tracks",
		"artistName": "Bob Dylan",
		"releaseDate": "20 January 1975",
		"genres": "Singer/Songwriter, Folk Rock",
		"descriptors": "breakup, lonely, poetic, introspective, melancholic, love, male vocals, passionate, bittersweet, longing",
		"averageRating": "4.16",
		"numberRatings": "19,324",
		"numberReviews": "425",
		"uid": "_MJPpu8P"
	},
	{
		"id": "49",
		"albumName": "Close to the Edge",
		"artistName": "Yes",
		"releaseDate": "8 September 1972",
		"genres": "Symphonic Prog, Progressive Rock",
		"descriptors": "epic, uplifting, complex, technical, progressive, fantasy, uncommon time signatures, male vocals, lush, optimistic",
		"averageRating": "4.13",
		"numberRatings": "21,728",
		"numberReviews": "454",
		"uid": "ySrXGkqT"
	},
	{
		"id": "50",
		"albumName": "Souvlaki",
		"artistName": "Slowdive",
		"releaseDate": "1 June 1993",
		"genres": "Dream Pop, Shoegaze",
		"descriptors": "melancholic, ethereal, mellow, romantic, atmospheric, female vocals, soothing, male vocals, sentimental, bittersweet",
		"averageRating": "4.09",
		"numberRatings": "28,685",
		"numberReviews": "297",
		"uid": "09NJJufG"
	},
	{
		"id": "51",
		"albumName": "Master of Reality",
		"artistName": "Black Sabbath",
		"releaseDate": "21 July 1971",
		"genres": "Heavy Metal",
		"descriptors": "heavy, dark, male vocals, rhythmic, sombre, nocturnal, drugs, alienation, ominous, anthemic",
		"averageRating": "4.12",
		"numberRatings": "24,271",
		"numberReviews": "446",
		"uid": "5X60IhES"
	},
	{
		"id": "52",
		"albumName": "Vespertine",
		"artistName": "Björk",
		"releaseDate": "27 August 2001",
		"genres": "Art Pop, Electronic",
		"descriptors": "sensual, romantic, winter, sexual, ethereal, atmospheric, lush, introspective, female vocals, soothing",
		"averageRating": "4.13",
		"numberRatings": "23,181",
		"numberReviews": "261",
		"uid": "_kmjXdqy"
	},
	{
		"id": "53",
		"albumName": "Then There Were Three",
		"artistName": "Genesis",
		"releaseDate": "18 July 1978",
		"genres": "Post-Punk",
		"descriptors": "lonely, sombre, depressive, cold, dark, introspective, atmospheric, anxious, existential, pessimistic",
		"averageRating": "4.09",
		"numberRatings": "28,898",
		"numberReviews": "558",
		"uid": "vKwuBO2c"
	},
	{
		"id": "54",
		"albumName": "The Low End Theory",
		"artistName": "A Tribe Called Quest",
		"releaseDate": "24 September 1991",
		"genres": "Jazz Rap, East Coast Hip Hop, Conscious Hip Hop",
		"descriptors": "rhythmic, mellow, urban, male vocals, sampling, conscious, boastful, playful, poetic, nocturnal",
		"averageRating": "4.12",
		"numberRatings": "24,090",
		"numberReviews": "290",
		"uid": "w2P0UAyV"
	},
	{
		"id": "55",
		"albumName": "The Glow Pt. 2",
		"artistName": "The Microphones",
		"releaseDate": "11 September 2001",
		"genres": "Indie Folk, Psychedelic Folk, Lo-Fi / Slacker Rock",
		"descriptors": "lonely, lo-fi, melancholic, nature, atmospheric, introspective, forest, male vocals, noisy, existential",
		"averageRating": "4.11",
		"numberRatings": "23,997",
		"numberReviews": "275",
		"uid": "VjaDr-XA"
	},
	{
		"id": "56",
		"albumName": "Are You Experienced",
		"artistName": "The Jimi Hendrix Experience",
		"releaseDate": "12 May 1967",
		"genres": "Blues Rock, Psychedelic Rock, Acid Rock",
		"descriptors": "psychedelic, energetic, sexual, drugs, raw, male vocals, hedonistic, heavy, passionate, hypnotic",
		"averageRating": "4.12",
		"numberRatings": "23,265",
		"numberReviews": "512",
		"uid": "4bsMKxJz"
	},
	{
		"id": "57",
		"albumName": "Electric Ladyland",
		"artistName": "The Jimi Hendrix Experience",
		"releaseDate": "25 October 1968",
		"genres": "Blues Rock, Psychedelic Rock, Acid Rock",
		"descriptors": "psychedelic, drugs, surreal, energetic, sexual, sensual, passionate, raw, male vocals, summer",
		"averageRating": "4.14",
		"numberRatings": "19,551",
		"numberReviews": "435",
		"uid": "O2WISGAV"
	},
	{
		"id": "58",
		"albumName": "Songs in the Key of Life",
		"artistName": "Stevie Wonder",
		"releaseDate": "28 September 1976",
		"genres": "Soul",
		"descriptors": "uplifting, male vocals, passionate, warm, optimistic, philosophical, happy, melodic, romantic, conscious",
		"averageRating": "4.18",
		"numberRatings": "12,151",
		"numberReviews": "242",
		"uid": "9QRSNb4O"
	},
	{
		"id": "59",
		"albumName": "Atrocity Exhibition",
		"artistName": "Danny Brown",
		"releaseDate": "30 September 2016",
		"genres": "Experimental Hip Hop, Hardcore Hip Hop",
		"descriptors": "drugs, dark, manic, abstract, psychedelic, male vocals, chaotic, eclectic, sexual, anxious",
		"averageRating": "4.08",
		"numberRatings": "25,353",
		"numberReviews": "193",
		"uid": "rrNFhbpI"
	},
	{
		"id": "60",
		"albumName": "Songs of Leonard Cohen",
		"artistName": "Leonard Cohen",
		"releaseDate": "27 December 1967",
		"genres": "Contemporary Folk, Singer/Songwriter",
		"descriptors": "poetic, sombre, acoustic, melancholic, introspective, philosophical, male vocals, love, serious, mysterious",
		"averageRating": "4.14",
		"numberRatings": "17,166",
		"numberReviews": "289",
		"uid": "1r2WZxqk"
	},
	{
		"id": "61",
		"albumName": "The Money Store",
		"artistName": "Death Grips",
		"releaseDate": "24 April 2012",
		"genres": "Industrial Hip Hop, Hardcore Hip Hop, Experimental Hip Hop",
		"descriptors": "aggressive, manic, energetic, angry, noisy, nihilistic, crime, raw, drugs, misanthropic",
		"averageRating": "4.02",
		"numberRatings": "36,403",
		"numberReviews": "311",
		"uid": "uYHzcnKa"
	},
	{
		"id": "62",
		"albumName": "Illinois",
		"artistName": "Sufjan Stevens",
		"releaseDate": "5 July 2005",
		"genres": "Chamber Pop, Singer/Songwriter",
		"descriptors": "lush, melodic, Christian, concept album, warm, male vocals, bittersweet, history, sentimental, poetic",
		"averageRating": "4.07",
		"numberRatings": "27,355",
		"numberReviews": "403",
		"uid": "WP6LKNtj"
	},
	{
		"id": "63",
		"albumName": "Homogenic",
		"artistName": "Björk",
		"releaseDate": "22 September 1997",
		"genres": "Art Pop, Electronic",
		"descriptors": "cold, passionate, ethereal, lush, female vocals, atmospheric, introspective, anxious, winter, romantic",
		"averageRating": "4.07",
		"numberRatings": "27,655",
		"numberReviews": "310",
		"uid": "mJXckzF-"
	},
	{
		"id": "64",
		"albumName": "Soundtracks for the Blind",
		"artistName": "Swans",
		"releaseDate": "22 October 1996",
		"genres": "Experimental Rock, Post-Rock, Experimental",
		"descriptors": "sombre, atmospheric, ominous, dark, misanthropic, lonely, mysterious, disturbing, depressive, suspenseful",
		"averageRating": "4.11",
		"numberRatings": "17,440",
		"numberReviews": "220",
		"uid": "mowiipWG"
	},
	{
		"id": "65",
		"albumName": "Either / Or",
		"artistName": "Elliott Smith",
		"releaseDate": "25 February 1997",
		"genres": "Singer/Songwriter, Indie Folk",
		"descriptors": "melancholic, mellow, acoustic, depressive, introspective, lonely, melodic, male vocals, bittersweet, sombre",
		"averageRating": "4.10",
		"numberRatings": "22,173",
		"numberReviews": "275",
		"uid": "9v389SV6"
	},
	{
		"id": "66",
		"albumName": "Laughing Stock",
		"artistName": "Talk Talk",
		"releaseDate": "19 November 1991",
		"genres": "Post-Rock",
		"descriptors": "atmospheric, sombre, religious, spiritual, introspective, improvisation, sparse, melancholic, autumn, male vocals",
		"averageRating": "4.11",
		"numberRatings": "18,467",
		"numberReviews": "287",
		"uid": "6EtX5vyy"
	},
	{
		"id": "67",
		"albumName": "The College Dropout",
		"artistName": "Kanye West",
		"releaseDate": "10 February 2004",
		"genres": "Chipmunk Soul, Pop Rap",
		"descriptors": "humorous, playful, male vocals, conscious, passionate, sampling, boastful, satirical, warm, sarcastic",
		"averageRating": "4.03",
		"numberRatings": "34,739",
		"numberReviews": "272",
		"uid": "fePSbYvE"
	},
	{
		"id": "68",
		"albumName": "Daydream Nation",
		"artistName": "Sonic Youth",
		"releaseDate": "18 October 1988",
		"genres": "Noise Rock, Alternative Rock",
		"descriptors": "energetic, anxious, raw, rebellious, noisy, urban, male vocals, female vocals, dissonant, apathetic",
		"averageRating": "4.05",
		"numberRatings": "27,963",
		"numberReviews": "499",
		"uid": "EAAbofvO"
	},
	{
		"id": "69",
		"albumName": "Liquid Swords",
		"artistName": "Genius/GZA",
		"releaseDate": "7 November 1995",
		"genres": "East Coast Hip Hop, Hardcore Hip Hop, Boom Bap",
		"descriptors": "dark, crime, urban, atmospheric, philosophical, cold, raw, rhythmic, sampling, male vocals",
		"averageRating": "4.11",
		"numberRatings": "17,308",
		"numberReviews": "329",
		"uid": "Ip5MwKdY"
	},
	{
		"id": "70",
		"albumName": "Blonde",
		"artistName": "Frank Ocean",
		"releaseDate": "20 August 2016",
		"genres": "Alternative R&B, Art Pop, Neo-Soul",
		"descriptors": "introspective, LGBT, bittersweet, mellow, sexual, atmospheric, drugs, sensual, male vocals, romantic",
		"averageRating": "4.04",
		"numberRatings": "29,807",
		"numberReviews": "289",
		"uid": "dL2ny6Sh"
	},
	{
		"id": "71",
		"albumName": "The Velvet Underground",
		"artistName": "The Velvet Underground",
		"releaseDate": "March 1969",
		"genres": "Pop Rock",
		"descriptors": "mellow, melancholic, bittersweet, melodic, introspective, male vocals, nocturnal, soft, alienation, love",
		"averageRating": "4.09",
		"numberRatings": "22,144",
		"numberReviews": "399",
		"uid": "TqmUltut"
	},
	{
		"id": "72",
		"albumName": "Rubber Soul",
		"artistName": "The Beatles",
		"releaseDate": "3 December 1965",
		"genres": "Pop Rock",
		"descriptors": "melodic, love, male vocals, bittersweet, romantic, mellow, autumn, melancholic, eclectic, happy",
		"averageRating": "4.03",
		"numberRatings": "33,508",
		"numberReviews": "721",
		"uid": "DkPTq1tF"
	},
	{
		"id": "73",
		"albumName": "What's Going On",
		"artistName": "Marvin Gaye",
		"releaseDate": "21 May 1971",
		"genres": "Soul",
		"descriptors": "political, passionate, conscious, mellow, male vocals, lush, melodic, spiritual, warm, Christian",
		"averageRating": "4.11",
		"numberRatings": "18,776",
		"numberReviews": "341",
		"uid": "XjnprWWm"
	},
	{
		"id": "74",
		"albumName": "★ [Blackstar]",
		"artistName": "David Bowie",
		"releaseDate": "8 January 2016",
		"genres": "Art Rock",
		"descriptors": "dark, death, introspective, poetic, male vocals, melancholic, concept album, sad, funereal, anxious",
		"averageRating": "4.06",
		"numberRatings": "25,408",
		"numberReviews": "297",
		"uid": "cP7v4CCS"
	}
]
