[
	{
		"uid": "ce9fd4b9",
		"task": "pede",
		"description": "Curabitur at ipsum ac tellus semper interdum. Mauris ullamcorper purus sit amet nulla. Quisque arcu libero, rutrum ac, lobortis vel, dapibus at, diam.",
		"category": "Other"
	},
	{
		"uid": "679bd821",
		"task": "convallis",
		"description": "Maecenas ut massa quis augue luctus tincidunt. Nulla mollis molestie lorem. Quisque ut erat.\n\nCurabitur gravida nisi at nibh. In hac habitasse platea dictumst. Aliquam augue quam, sollicitudin vitae, consectetuer eget, rutrum at, lorem.",
		"category": "Work"
	},
	{
		"uid": "a8f43e68",
		"task": "cursus vestibulum",
		"description": "Morbi porttitor lorem id ligula. Suspendisse ornare consequat lectus. In est risus, auctor sed, tristique in, tempus sit amet, sem.",
		"category": "Health"
	}
]
